Shelter,Side,Rep,sRep,Experiment,Phase,Type,Species,PotType,AGB_g,BGB_g,Iso_g_raw,log_mixAGB,log_isoAGB,CompEffect,AGB_g,BGB_g,SLA_mm2.mg,LDMC_mg.g,SPAD,Ht_cm,SeedHead,PhaseNum,Control_CompEffect,CompEff_standard,RII
1,East,5,A,Short,Control,Mix,Pha,PhaMix,28.35,89.14,54.9375,1.452553063,1.739868892,0.287315829,28.35,89.14,29.02902042,284.400922,29.2,160,0,2,0.31125801,-0.023942181,-0.319225574
1,East,5,B,Short,Control,Mix,Fes,FesMix,41.41,89.14,37.755,1.617105231,1.576974475,-0.040130756,41.41,89.14,20.57538059,241.48398,29.5,100,0,2,0.06491341,-0.105044166,0.046169393
1,East,5,C,Short,Control,Mix,Rye,RyeMix,38.43,89.14,61.67,1.584670384,1.790073948,0.205403564,38.43,89.14,18.36857676,238.6138614,47.05,110,0,2,0.19165497,0.013748594,-0.232167832
1,East,10,A,Short,Control,Mix,Pha,PhaMix,28.83,139.74,54.9375,1.459844642,1.739868892,0.28002425,28.83,139.74,27.3119983,272.685185,28.05,150,0,2,0.31125801,-0.03123376,-0.311666219
1,East,10,B,Short,Control,Mix,Rye,RyeMix,45.03,139.74,61.67,1.653501947,1.790073948,0.136572001,45.03,139.74,19.66266055,267.002681,33.6,90,0,2,0.19165497,-0.055082969,-0.155951265
1,East,10,C,Short,Control,Mix,Fes,FesMix,26.86,139.74,37.755,1.429106008,1.576974475,0.147868467,26.86,139.74,22.96845121,257.655955,28.1,110,0,2,0.06491341,0.082955057,-0.168614099
1,East,12,A,Short,Control,Mix,Fes,FesMix,33.29,113.44,37.755,1.522313795,1.576974475,0.05466068,33.29,113.44,21.3220829,231.9711538,30.4,90,0,2,0.06491341,-0.01025273,-0.062847491
1,East,12,B,Short,Control,Mix,Rye,RyeMix,34.38,113.44,61.67,1.536305872,1.790073948,0.253768076,34.38,113.44,17.08008208,294.08867,35.35,100,0,2,0.19165497,0.062113106,-0.284122853
1,East,12,C,Short,Control,Mix,Pha,PhaMix,28.53,113.44,54.9375,1.455301772,1.739868892,0.28456712,28.53,113.44,28.08874299,295.375723,24.9,210,0,2,0.31125801,-0.02669089,-0.316380627
1,East,16,A,Short,Control,Mix,Fes,FesMix,30.18,114.98,37.755,1.479719235,1.576974475,0.09725524,30.18,114.98,23.8011204,247.0503145,28.95,100,0,2,0.06491341,0.03234183,-0.111503643
1,East,16,B,Short,Control,Mix,Rye,RyeMix,41.61,114.98,61.67,1.619197716,1.790073948,0.170876232,41.61,114.98,17.26830472,263.681592,35.3,90,0,2,0.19165497,-0.020778738,-0.19422928
1,East,16,C,Short,Control,Mix,Pha,PhaMix,22.22,114.98,54.9375,1.346744055,1.739868892,0.393124837,22.22,114.98,30.6139256,272.8358209,22.45,160,0,2,0.31125801,0.081866827,-0.424035253
1,West,2,A,Long,Recovery,Mix,Rye,RyeMix,10.37,38.86,14.66,1.015778756,1.16613397,0.150355214,10.37,38.86,28.91534555,186.0691671,46.85,105,0,1,0.45912076,-0.308765546,-0.171394327
1,West,2,B,Long,Recovery,Mix,Pha,PhaMix,6.98,38.86,24.565,0.843855423,1.390316768,0.546461345,6.98,38.86,28.78502733,226.7561983,46.45,260,0,1,0.53829201,0.008169335,-0.5574576
1,West,2,C,Long,Recovery,Mix,Fes,FesMix,22.39,38.86,15.326667,1.350054094,1.185447722,-0.164606372,22.39,38.86,21.69769535,182.129278,45.95,100,0,1,0.3785015,-0.543107872,0.18727352
1,West,7,A,Long,Recovery,Mix,Fes,FesMix,17.91,32.88,15.326667,1.253095586,1.185447722,-0.067647864,17.91,32.88,22.68874896,193.0775937,39.45,60,0,1,0.3785015,-0.446149364,0.077725393
1,West,7,B,Long,Recovery,Mix,Pha,PhaMix,6.41,32.88,24.565,0.80685803,1.390316768,0.583458738,6.41,32.88,26.30266374,235.988024,39.8,140,0,1,0.53829201,0.045166728,-0.586117837
1,West,7,C,Long,Recovery,Mix,Rye,RyeMix,14.44,32.88,14.66,1.159567193,1.16613397,0.006566777,14.44,32.88,28.7143758,214.7742818,43.4,95,0,1,0.45912076,-0.452553983,-0.007560137
1,West,11,A,Long,Resistance,Mix,Fes,FesMix,5.6,12.22,12.078333,0.748188027,1.082006999,0.333818972,5.6,12.22,20.67464404,217.1314741,26.9,60,0,0,0.3785015,-0.044682528,-0.366456102
1,West,11,B,Long,Resistance,Mix,Rye,RyeMix,4.49,12.22,13.335,0.652246341,1.12499302,0.472746679,4.49,12.22,28.8995463,196.3636364,40.5,30,0,0,0.45912076,0.013625919,-0.496213184
1,West,11,C,Long,Resistance,Mix,Pha,PhaMix,3.86,12.22,5.37,0.586587305,0.729974286,0.143386981,3.86,12.22,32.15883444,231.1392405,NA,55,0,0,0.53829201,-0.394905029,-0.163596966
1,West,14,A,Long,Resistance,Mix,Pha,PhaMix,3.12,15.56,5.37,0.494154594,0.729974286,0.235819692,3.12,15.56,27.53630323,222.4880383,45.1,65,0,0,0.53829201,-0.302472318,-0.265017668
1,West,14,B,Long,Resistance,Mix,Rye,RyeMix,6.31,15.56,13.335,0.800029359,1.12499302,0.324963661,6.31,15.56,26.61631,202.020202,36.05,35,0,0,0.45912076,-0.134157099,-0.357597353
1,West,14,C,Long,Resistance,Mix,Fes,FesMix,4.06,15.56,12.078333,0.608526034,1.082006999,0.473480965,4.06,15.56,21.11714209,219.4117647,38.4,30,0,0,0.3785015,0.094979465,-0.496850139
2,East,3,A,Long,Control,Mix,Fes,FesMix,32.96,143.019,56.7075,1.517987203,1.753640501,0.235653298,32.96,143.019,18.45740278,137.7990431,25.4,90,3,2,0.3785015,-0.142848202,-0.264839546
2,East,3,B,Long,Control,Mix,Rye,RyeMix,20.62,143.019,59.1,1.314288661,1.771587481,0.45729882,20.62,143.019,21.4054549,186.5398683,32.7,110,0,2,0.45912076,-0.00182194,-0.482689413
2,East,3,C,Long,Control,Mix,Pha,PhaMix,26.14,143.019,89.62,1.417305583,1.95240494,0.535099357,26.14,143.019,28.38654485,184.1262016,21.2,150,0,2,0.53829201,-0.003192653,-0.54837595
2,East,8,A,Long,Control,Mix,Pha,PhaMix,28.02,99.783,89.62,1.447468131,1.95240494,0.504936809,28.02,99.783,30.57838325,136.4440869,27.15,170,4,2,0.53829201,-0.033355201,-0.523631418
2,East,8,B,Long,Control,Mix,Rye,RyeMix,16.54,99.783,59.1,1.218535505,1.771587481,0.553051976,16.54,99.783,22.10435065,158.2405745,28.75,100,0,2,0.45912076,0.093931216,-0.562665256
2,East,8,C,Long,Control,Mix,Fes,FesMix,21.67,99.783,56.7075,1.335858911,1.753640501,0.41778159,21.67,99.783,18.62498692,148.020654,27.65,80,3,2,0.3785015,0.03928009,-0.447035182
2,East,9,A,Long,Control,Mix,Fes,FesMix,21.03,90.6105,56.7075,1.322839273,1.753640501,0.430801228,21.03,90.6105,17.1493823,150.7121334,21.35,80,0,2,0.3785015,0.052299728,-0.458948384
2,East,9,B,Long,Control,Mix,Rye,RyeMix,20.9,90.6105,59.1,1.320146286,1.771587481,0.451441195,20.9,90.6105,20.43783621,174.8605578,34.1,110,0,2,0.45912076,-0.007679565,-0.4775
2,East,9,C,Long,Control,Mix,Pha,PhaMix,24.7,90.6105,89.62,1.392696953,1.95240494,0.559707987,24.7,90.6105,29.33069972,160.6179286,36.5,200,0,2,0.53829201,0.021415977,-0.567879636
2,East,14,A,Long,Control,Mix,Pha,PhaMix,25.06,102.5205,89.62,1.398981067,1.95240494,0.553423873,25.06,102.5205,28.43784749,150.4589161,30.25,240,0,2,0.53829201,0.015131863,-0.562957796
2,East,14,B,Long,Control,Mix,Rye,RyeMix,24.94,102.5205,59.1,1.396896449,1.771587481,0.374691032,24.94,102.5205,19.27216854,147.9844961,34.55,90,26,2,0.45912076,-0.084429728,-0.406473108
2,East,14,C,Long,Control,Mix,Fes,FesMix,21.08,102.5205,56.7075,1.323870607,1.753640501,0.429769894,21.08,102.5205,17.991,157.510841,33.55,100,0,2,0.3785015,0.051268394,-0.458010606
2,West,4,A,Short,Recovery,Mix,Pha,PhaMix,6.4,38.31,32.6,0.806179974,1.5132176,0.707037626,6.4,38.31,29.34506772,206.3767272,30.8,70,0,1,0.31125801,0.395779616,-0.671794872
2,West,4,B,Short,Recovery,Mix,Rye,RyeMix,13.1,36.21,27.537802,1.117271296,1.439929273,0.322657977,13.1,36.21,31.82772434,254.4776119,39.55,90,0,1,0.19165497,0.131003007,-0.355280091
2,West,4,C,Short,Recovery,Mix,Fes,FesMix,12.04,36.21,13.881667,1.080626487,1.142441622,0.061815135,12.04,36.21,19.12538595,260.0753296,35.7,65,0,1,0.06491341,-0.003098275,-0.071047398
2,West,6,A,Short,Recovery,Mix,Fes,FesMix,10.2,45.37,13.881667,1.008600172,1.142441622,0.13384145,10.2,45.37,21.37101292,249.7065463,34.15,65,0,1,0.06491341,0.06892804,-0.152882564
2,West,6,B,Short,Recovery,Mix,Rye,RyeMix,16.12,45.37,27.537802,1.207365037,1.439929273,0.232564236,16.12,45.37,27.23396,264.3171806,42,80,0,1,0.19165497,0.040909266,-0.261529474
2,West,6,C,Short,Recovery,Mix,Pha,PhaMix,7.54,45.37,32.6,0.877371346,1.5132176,0.635846254,7.54,45.37,27.14435326,200.4444444,46.8,45,0,1,0.31125801,0.324588244,-0.624314898
2,West,11,A,Short,Resistance,Mix,Fes,FesMix,4.79,9.5892,3.97,0.680335513,0.598790507,-0.081545006,4.79,9.5892,19.23,226.34,36.3,25,0,0,0.06491341,-0.146458416,0.093607306
2,West,11,B,Short,Resistance,Mix,Pha,PhaMix,4.66,9.5892,5.207143,0.668385917,0.716599505,0.048213588,4.66,9.5892,28.36,158.49,31.6,25,0,0,0.31125801,-0.263044422,-0.055451005
2,West,11,C,Short,Resistance,Mix,Rye,RyeMix,10.35,9.5892,12.051429,1.01494035,1.081038546,0.066098196,10.35,9.5892,22.362,307.13,41.9,50,0,0,0.19165497,-0.125556774,-0.075951806
2,West,16,A,Short,Resistance,Mix,Rye,RyeMix,10.93,11.6032,12.051429,1.038620162,1.081038546,0.042418384,10.93,11.6032,23.8,303.79,37,70,0,0,0.19165497,-0.149236586,-0.048797183
2,West,16,B,Short,Resistance,Mix,Fes,FesMix,5.57,11.6032,3.97,0.745855195,0.598790507,-0.147064688,5.57,11.6032,16.61,269.8,31.6,70,0,0,0.06491341,-0.211978098,0.167714885
2,West,16,C,Short,Resistance,Mix,Pha,PhaMix,3.16,11.6032,5.207143,0.499687083,0.716599505,0.216912422,3.16,11.6032,32.87,184.65,NA,30,0,0,0.31125801,-0.094345588,-0.244664517
3,East,3,A,Double,Control,Mix,Fes,FesMix,51.6,132.73,83.32,1.712649702,1.920749261,0.208099559,51.6,132.73,30.39606484,183.8012404,25.95,90,2,2,0.24852662,-0.040427061,-0.235102283
3,East,3,B,Double,Control,Mix,Rye,RyeMix,41.1,132.73,87.345,1.613841822,1.941238049,0.327396227,41.1,132.73,19.04526923,160.0547196,24.05,120,38,2,0.28484924,0.042546987,-0.36003737
3,East,3,C,Double,Control,Mix,Pha,PhaMix,28.49,132.73,50.5575,1.454692449,1.703785591,0.249093142,28.49,132.73,27.72755375,185.4237971,22.35,200,4,2,0.31227201,-0.063178868,-0.279167589
3,East,5,A,Double,Control,Mix,Fes,FesMix,43.28,119.58,83.32,1.636287252,1.920749261,0.284462009,43.28,119.58,27.48912847,201.3471074,30.6,80,2,2,0.24852662,0.035935389,-0.316271722
3,East,5,B,Double,Control,Mix,Rye,RyeMix,54.13,119.58,87.345,1.733438027,1.941238049,0.207800022,54.13,119.58,20.60057075,178.8708134,32.1,120,4,2,0.28484924,-0.077049218,-0.234776462
3,East,5,C,Double,Control,Mix,Pha,PhaMix,27.18,119.58,50.5575,1.434249452,1.703785591,0.269536139,27.18,119.58,28.68071346,182.8183716,31.3,180,0,2,0.31227201,-0.042735871,-0.300723589
3,East,7,A,Double,Control,Mix,Fes,FesMix,53.88,118.96,83.32,1.731427587,1.920749261,0.189321674,53.88,118.96,30.968573,195.0632911,33.35,80,6,2,0.24852662,-0.059204946,-0.214577259
3,East,7,B,Double,Control,Mix,Rye,RyeMix,43.58,118.96,87.345,1.639287226,1.941238049,0.301950823,43.58,118.96,18.39375527,174.7380346,28.95,90,8,2,0.28484924,0.017101583,-0.334275348
3,East,7,C,Double,Control,Mix,Pha,PhaMix,20.07,118.96,50.5575,1.302547372,1.703785591,0.401238219,20.07,118.96,28.63112574,170.9709999,40.35,230,0,2,0.31227201,0.088966209,-0.431666136
3,East,9,A,Double,Control,Mix,Fes,FesMix,40.6,98.27,83.32,1.608526034,1.920749261,0.312223227,40.6,98.27,28.74160394,193.1530008,21.5,90,0,2,0.24852662,0.063696607,-0.344738541
3,East,9,B,Double,Control,Mix,Rye,RyeMix,43.55,98.27,87.345,1.638988159,1.941238049,0.30224989,43.55,98.27,19.09185714,167.6089109,24.1,100,2,2,0.28484924,0.01740065,-0.334581153
3,East,9,C,Double,Control,Mix,Pha,PhaMix,23.69,98.27,50.5575,1.374565061,1.703785591,0.32922053,23.69,98.27,29.91493052,168.1667456,35.95,230,13,2,0.31227201,0.01694852,-0.361864036
3,West,1,A,Double,Recovery,Mix,Fes,FesMix,39.75,102.91,47.821667,1.599337133,1.679624711,0.080287578,39.75,102.91,18.14328735,189.8368679,41.7,125,0,1,0.24852662,-0.168239042,-0.092172129
3,West,1,B,Double,Recovery,Mix,Pha,PhaMix,33.32,102.91,56.148333,1.522704993,1.749336867,0.226631874,33.32,102.91,30.15002018,220.5063291,46.6,190,3,1,0.31227201,-0.085640136,-0.255155453
3,West,1,C,Double,Recovery,Mix,Rye,RyeMix,42.94,102.91,55.83,1.63286204,1.746867628,0.114005588,42.94,102.91,25.50055949,182.0276498,44.45,130,0,1,0.28484924,-0.170843652,-0.130505214
3,West,6,A,Double,Recovery,Mix,Fes,FesMix,35.19,112.93,47.821667,1.546419267,1.679624711,0.133205444,35.19,112.93,19.916155,179.48616,33.4,90,0,1,0.24852662,-0.115321176,-0.152167369
3,West,6,B,Double,Recovery,Mix,Pha,PhaMix,29.94,112.93,56.148333,1.476251796,1.749336867,0.273085071,29.94,112.93,29.6148,209.491819,40.7,130,0,1,0.31227201,-0.039186939,-0.304435364
3,West,6,C,Double,Recovery,Mix,Rye,RyeMix,38.1,112.93,55.83,1.580924976,1.746867628,0.165942652,38.1,112.93,26.82520695,180.8180783,34.6,65,0,1,0.28484924,-0.118906588,-0.188757585
3,West,10,A,Double,Resistance,Mix,Fes,FesMix,6.25,33.72,21.573333,0.795880017,1.333917247,0.53803723,6.25,33.72,20.03634517,201.7283951,28.65,20,0,0,0.24852662,0.28951061,-0.550736786
3,West,10,B,Double,Resistance,Mix,Rye,RyeMix,17.16,33.72,16.388333,1.234517284,1.21453478,-0.019982504,17.16,33.72,28.21551345,262.3529412,41.9,30,0,0,0.28484924,-0.304831744,0.02300165
3,West,10,C,Double,Resistance,Mix,Pha,PhaMix,6.89,33.72,24.03,0.838219222,1.380753771,0.542534549,6.89,33.72,24.84680043,204.5544554,42.5,50,0,0,0.31227201,0.230262539,-0.554333765
3,West,16,A,Double,Resistance,Mix,Fes,FesMix,8.39,29.17,21.573333,0.923761961,1.333917247,0.410155286,8.39,29.17,22.33480889,216.3461538,37.5,20,0,0,0.24852662,0.161628666,-0.439982194
3,West,16,B,Double,Resistance,Mix,Pha,PhaMix,5.35,29.17,24.03,0.728353782,1.380753771,0.652399989,5.35,29.17,23.07162543,212.4087591,32.4,50,0,0,0.31227201,0.340127979,-0.635806671
3,West,16,C,Double,Resistance,Mix,Rye,RyeMix,23.8,29.17,16.388333,1.376576957,1.21453478,-0.162042177,23.8,29.17,27.91617595,256.445993,43.95,25,0,0,0.28484924,-0.446891417,0.18442335
4,East,1,A,Short,Recovery,Mix,Fes,FesMix,9.06,31.65,13.881667,0.957128198,1.142441622,0.185313424,9.06,31.65,19.05319186,277.4193548,37,60,0,1,0.06491341,0.120400014,-0.210170734
4,East,1,B,Short,Recovery,Mix,Rye,RyeMix,16.57,31.65,27.537802,1.219322508,1.439929273,0.220606765,16.57,31.65,33.25411737,245.1785714,49.15,70,0,1,0.19165497,0.028951795,-0.248659001
4,East,1,C,Short,Recovery,Mix,Pha,PhaMix,7.9,40.78,32.6,0.897627091,1.5132176,0.615590509,7.9,40.78,28.15861952,202.3781042,35.9,50,0,1,0.31125801,0.304332499,-0.609876543
4,East,5,A,Short,Recovery,Mix,Pha,PhaMix,6.87,32.05,32.6,0.836956737,1.5132176,0.676260863,6.87,32.05,27.863249,204.0983607,31.7,50,0,1,0.31125801,0.365002853,-0.65188751
4,East,5,B,Short,Recovery,Mix,Fes,FesMix,8.66,32.05,13.881667,0.937517892,1.142441622,0.20492373,8.66,32.05,19.20519769,233.3333333,32.85,70,0,1,0.06491341,0.14001032,-0.231645113
4,East,5,C,Short,Recovery,Mix,Rye,RyeMix,12.81,34.19,27.537802,1.10754913,1.439929273,0.332380143,12.81,34.19,29.84658862,253.4084,40.8,65,0,1,0.19165497,0.140725173,-0.365021173
4,East,11,A,Short,Resistance,Mix,Fes,FesMix,7.06,17.2832,3.97,0.848804701,0.598790507,-0.250014194,7.06,17.2832,16.58,226.11,32.7,40,0,0,0.06491341,-0.314927604,0.280145059
4,East,11,B,Short,Resistance,Mix,Rye,RyeMix,11.7,17.2832,12.051429,1.068185862,1.081038546,0.012852684,11.7,17.2832,NA,NA,34.9,45,0,0,0.19165497,-0.178802286,-0.01479612
4,East,11,C,Short,Resistance,Mix,Pha,PhaMix,3.24,17.2832,5.207143,0.51054501,0.716599505,0.206054495,3.24,17.2832,36.25,155.21,25.9,45,0,0,0.31125801,-0.105203515,-0.232876725
4,East,16,A,Short,Resistance,Mix,Fes,FesMix,4.83,12.0082,3.97,0.683947131,0.598790507,-0.085156624,4.83,12.0082,16.47,254.29,34.5,50,0,0,0.06491341,-0.150070034,0.097727273
4,East,16,B,Short,Resistance,Mix,Rye,RyeMix,12.23,16.0082,12.051429,1.087426457,1.081038546,-0.006387911,12.23,16.0082,22.24,300.51,37.4,45,0,0,0.19165497,-0.198042881,0.007354221
4,East,16,C,Short,Resistance,Mix,Pha,PhaMix,4.07,16.0082,5.207143,0.609594409,0.716599505,0.107005096,4.07,16.0082,31.02,168.67,31.8,40,0,0,0.31125801,-0.204252914,-0.122574698
4,West,2,A,Long,Recovery,Mix,Pha,PhaMix,6.54,50.86,24.565,0.815577748,1.390316768,0.57473902,6.54,50.86,26.94520732,229.73,40.8,190,0,1,0.53829201,0.03644701,-0.579488828
4,West,2,B,Long,Recovery,Mix,Fes,FesMix,16.13,50.86,15.326667,1.207634367,1.185447722,-0.022186645,16.13,50.86,21.37193422,209.4350125,34.15,75,0,1,0.3785015,-0.400688145,0.025537766
4,West,2,C,Long,Recovery,Mix,Rye,RyeMix,16.18,50.86,14.66,1.208978517,1.16613397,-0.042844547,16.18,50.86,30.18515352,198.392435,43.55,90,0,1,0.45912076,-0.501965307,0.049286641
4,West,7,A,Long,Recovery,Mix,Pha,PhaMix,5.68,39.42,24.565,0.754348336,1.390316768,0.635968432,5.68,39.42,29.8736,208.3333333,37.05,180,0,1,0.53829201,0.097676422,-0.624400727
4,West,7,B,Long,Recovery,Mix,Fes,FesMix,18.91,39.42,15.326667,1.276691529,1.185447722,-0.091243807,18.91,39.42,22.24172449,181.3135985,41,100,1,1,0.3785015,-0.469745307,0.104663605
4,West,7,C,Long,Recovery,Mix,Rye,RyeMix,12.74,39.42,14.66,1.105169428,1.16613397,0.060964542,12.74,39.42,30.26836438,179.4493609,49.7,95,0,1,0.45912076,-0.398156218,-0.070072993
4,West,12,A,Long,Resistance,Mix,Rye,RyeMix,4.82,11.56,13.335,0.683047038,1.12499302,0.441945982,4.82,11.56,28.38625035,200.08408,NA,40,0,0,0.45912076,-0.017174778,-0.4690168
4,West,12,B,Long,Resistance,Mix,Pha,PhaMix,3.22,11.56,5.37,0.507855872,0.729974286,0.222118414,3.22,11.56,30.18508696,245.63,NA,60,0,0,0.53829201,-0.316173596,-0.250291036
4,West,12,C,Long,Resistance,Mix,Fes,FesMix,5.23,11.56,12.078333,0.718501689,1.082006999,0.36350531,5.23,11.56,17.92025051,228.1226054,47.5,25,0,0,0.3785015,-0.01499619,-0.395666816
4,West,14,A,Long,Resistance,Mix,Fes,FesMix,5.59,20.44,12.078333,0.747411808,1.082006999,0.334595191,5.59,20.44,17.73190215,218.9473684,30.7,30,0,0,0.3785015,-0.043906309,-0.367229495
4,West,14,B,Long,Resistance,Mix,Pha,PhaMix,3.41,20.44,5.37,0.532754379,0.729974286,0.197219907,3.41,20.44,29.95408409,234.0848048,NA,50,0,0,0.53829201,-0.341072103,-0.223234624
4,West,14,C,Long,Resistance,Mix,Rye,RyeMix,4.81,20.44,13.335,0.682145076,1.12499302,0.442847944,4.81,20.44,28.67900062,199.08948,NA,30,0,0,0.45912076,-0.016272816,-0.469826398
5,East,6,A,Short,Recovery,Mix,Fes,FesMix,7.13,29.34,13.881667,0.85308953,1.142441622,0.289352092,7.13,29.34,20.3898628,237.2384937,30.55,60,0,1,0.06491341,0.224438682,-0.321329431
5,East,6,B,Short,Recovery,Mix,Pha,PhaMix,7.2,29.34,32.6,0.857332496,1.5132176,0.655885104,7.2,29.34,28.94393994,216.0335196,35.65,60,0,1,0.31125801,0.344627094,-0.638190955
5,East,6,C,Short,Recovery,Mix,Rye,RyeMix,9.02,29.34,27.537802,0.955206538,1.439929273,0.484722735,9.02,29.34,26.72488471,255.1094891,43.4,75,0,1,0.19165497,0.293067765,-0.506534884
5,East,10,A,Short,Recovery,Mix,Rye,RyeMix,11.91,32.49,27.537802,1.075911761,1.439929273,0.364017512,11.91,32.49,29.13660395,249.084084,41.8,85,0,1,0.19165497,0.172362542,-0.396164075
5,East,10,B,Short,Recovery,Mix,Fes,FesMix,10.97,36.4,13.881667,1.040206628,1.142441622,0.102234994,10.97,36.4,20.8940806,255.084808,36,60,0,1,0.06491341,0.037321584,-0.117161839
5,East,10,C,Short,Recovery,Mix,Pha,PhaMix,5.64,36.1,32.6,0.751279104,1.5132176,0.761938496,5.64,36.1,29.99961161,220.8986572,39.7,55,0,1,0.31125801,0.450680486,-0.705020921
5,East,12,A,Short,Resistance,Mix,Fes,FesMix,9.23,25.87,3.97,0.965201701,0.598790507,-0.366411194,9.23,25.87,18.28,224.66,32.1,35,0,0,0.06491341,-0.431324604,0.398484848
5,East,12,B,Short,Resistance,Mix,Pha,PhaMix,8.05,25.87,5.207143,0.90579588,0.716599505,-0.189196375,8.05,25.87,28.97,173.04,35.2,40,0,0,0.31125801,-0.500454385,0.214439642
5,East,12,C,Short,Resistance,Mix,Rye,RyeMix,10.21,25.87,12.051429,1.009025742,1.081038546,0.072012804,10.21,25.87,25.63,295.57,47.1,60,0,0,0.19165497,-0.119642166,-0.082718365
5,East,15,A,Short,Resistance,Mix,Pha,PhaMix,5.84,20.99,5.207143,0.766412847,0.716599505,-0.049813342,5.84,20.99,28.090119,206.5619339,42.3,30,0,0,0.31125801,-0.361071352,0.057286938
5,East,15,B,Short,Resistance,Mix,Rye,RyeMix,8.93,20.99,12.051429,0.950851459,1.081038546,0.130187087,8.93,20.99,,,,60,,0,0.19165497,-0.061467883,-0.148771039
5,East,15,C,Short,Resistance,Mix,Fes,FesMix,8.73,20.99,3.97,0.941014244,0.598790507,-0.342223737,8.73,20.99,17.92,243.94084,30.9,50,0,0,0.06491341,-0.407137147,0.37480315
5,West,4,A,Double,Recovery,Mix,Pha,PhaMix,41.98,137.12,56.148333,1.623042434,1.749336867,0.126294433,41.98,137.12,30.08654,216.4744646,41.65,120,2,1,0.31227201,-0.185977577,-0.14438575
5,West,4,B,Double,Recovery,Mix,Fes,FesMix,27.5,137.12,47.821667,1.439332694,1.679624711,0.240292017,27.5,137.12,22.81352787,175.2549889,39.4,65,0,1,0.24852662,-0.008234603,-0.269798423
5,West,4,C,Double,Recovery,Mix,Rye,RyeMix,37.72,137.12,55.83,1.576571684,1.746867628,0.170295944,37.72,137.12,28.01720333,180.4545455,42.4,65,0,1,0.28484924,-0.114553296,-0.193586317
5,West,8,A,Double,Recovery,Mix,Pha,PhaMix,31.27,144.86,56.148333,1.495127881,1.749336867,0.254208986,31.27,144.86,28.35468701,218.3622351,34.75,90,0,1,0.31227201,-0.058063024,-0.284589424
5,West,8,B,Double,Recovery,Mix,Fes,FesMix,26.04,144.86,47.821667,1.41564098,1.679624711,0.263983731,26.04,144.86,23.3011253,180.4312115,33.35,75,0,1,0.24852662,0.015457111,-0.294898124
5,West,8,C,Double,Recovery,Mix,Rye,RyeMix,37.24,144.86,55.83,1.571009672,1.746867628,0.175857956,37.24,144.86,27.54606957,185.483871,52.8,80,0,1,0.28484924,-0.108991284,-0.19974213
5,West,10,A,Double,Resistance,Mix,Pha,PhaMix,6.85,28.25,24.03,0.835690571,1.380753771,0.5450632,6.85,28.25,23.68925574,200.3067485,41,60,0,0,0.31227201,0.23279119,-0.55634715
5,West,10,B,Double,Resistance,Mix,Rye,RyeMix,16.55,28.25,16.388333,1.218797998,1.21453478,-0.004263218,16.55,28.25,27.09568144,186.0824742,42.7,35,0,0,0.28484924,-0.289112458,0.004908172
5,West,10,C,Double,Resistance,Mix,Fes,FesMix,7.37,28.25,21.573333,0.867467488,1.333917247,0.466449759,7.37,28.25,20.65396222,174.4186047,42.4,45,0,0,0.24852662,0.217923139,-0.490729005
5,West,15,A,Double,Resistance,Mix,Pha,PhaMix,6.58,26.93,24.03,0.818225894,1.380753771,0.562527877,6.58,26.93,22.94507531,256.9892473,37.3,40,0,0,0.31227201,0.250255867,-0.570075139
5,West,15,B,Double,Resistance,Mix,Fes,FesMix,6.8,26.93,21.573333,0.832508913,1.333917247,0.501408334,6.8,26.93,21.50424388,190.5839227,36.1,15,0,0,0.24852662,0.252881714,-0.520676686
5,West,15,C,Double,Resistance,Mix,Rye,RyeMix,15.26,26.93,16.388333,1.183554534,1.21453478,0.030980246,15.26,26.93,30.29999179,224.4239631,38.3,35,0,0,0.28484924,-0.253868994,-0.03565221
6,East,1,A,Long,Recovery,Mix,Rye,RyeMix,19.86,32.56,14.66,1.297979244,1.16613397,-0.131845274,19.86,32.56,31.68513592,182.300885,38.45,85,0,1,0.45912076,-0.590966034,0.150637312
6,East,1,B,Long,Recovery,Mix,Fes,FesMix,19.56,32.56,15.326667,1.29136885,1.185447722,-0.105921128,19.56,32.56,22.980415,199.80481,50.6,55,0,1,0.3785015,-0.484422628,0.121345298
6,East,1,C,Long,Recovery,Mix,Pha,PhaMix,4.99,32.56,24.565,0.698100546,1.390316768,0.692216222,4.99,32.56,29.4396,203.7037037,28.7,220,0,1,0.53829201,0.153924212,-0.66232448
6,East,5,A,Long,Recovery,Mix,Fes,FesMix,15.15,43.29,15.326667,1.180412633,1.185447722,0.005035089,15.15,43.29,23.38148494,172.9411765,44.6,65,0,1,0.3785015,-0.373466411,-0.005796795
6,East,5,B,Long,Recovery,Mix,Rye,RyeMix,17.31,43.29,14.66,1.238297068,1.16613397,-0.072163098,17.31,43.29,26.37738144,206.3829787,53.3,90,5,1,0.45912076,-0.531283858,0.08289021
6,East,5,C,Long,Recovery,Mix,Pha,PhaMix,6.98,43.29,24.565,0.843855423,1.390316768,0.546461345,6.98,43.29,25.94693897,203.8277512,54.1,150,0,1,0.53829201,0.008169335,-0.5574576
6,East,11,A,Long,Resistance,Mix,Rye,RyeMix,5.15,15.48,13.335,0.711807229,1.12499302,0.413185791,5.15,15.48,31.97541667,199.0825688,NA,20,0,0,0.45912076,-0.045934969,-0.442791453
6,East,11,B,Long,Resistance,Mix,Fes,FesMix,3.83,15.48,12.078333,0.583198774,1.082006999,0.498808225,3.83,15.48,25.04774869,203.1914894,NA,30,0,0,0.3785015,0.120306725,-0.518491347
6,East,11,C,Long,Resistance,Mix,Pha,PhaMix,2.41,15.48,5.37,0.382017043,0.729974286,0.347957243,2.41,15.48,26.35367841,215.1658768,38.35,65,0,0,0.53829201,-0.190334767,-0.380462725
6,East,15,A,Long,Resistance,Mix,Rye,RyeMix,4.7,13.15,13.335,0.672097858,1.12499302,0.452895162,4.7,13.15,27.49095484,203.0827068,45.3,35,0,0,0.45912076,-0.006225598,-0.478791239
6,East,15,B,Long,Resistance,Mix,Pha,PhaMix,2.9,13.15,5.37,0.462397998,0.729974286,0.267576288,2.9,13.15,29.07273947,256.7567568,46.6,60,0,0,0.53829201,-0.270715722,-0.298669891
6,East,15,C,Long,Resistance,Mix,Fes,FesMix,3.21,13.15,12.078333,0.506505032,1.082006999,0.575501967,3.21,13.15,23.18064706,208.5106383,NA,10,0,0,0.3785015,0.197000467,-0.580071941
6,West,3,A,Double,Recovery,Mix,Fes,FesMix,25.25,137.55,47.821667,1.402261382,1.679624711,0.277363329,25.25,137.55,23.62850625,188.6792453,33.05,120,0,1,0.24852662,0.028836709,-0.308897661
6,West,3,B,Double,Recovery,Mix,Pha,PhaMix,27.06,137.55,56.148333,1.432327792,1.749336867,0.317009075,27.06,137.55,28.08111905,206.2616822,43.8,140,0,1,0.31227201,0.004737065,-0.349584374
6,West,3,C,Double,Recovery,Mix,Rye,RyeMix,44.26,137.55,55.83,1.64601141,1.746867628,0.100856218,44.26,137.55,26.13842058,191.0447761,54.65,130,10,1,0.28484924,-0.183993022,-0.115595964
6,West,5,A,Double,Resistance,Mix,Pha,PhaMix,5.87,29.2,24.03,0.768638101,1.380753771,0.61211567,5.87,29.2,24.70725882,230.2681992,38.8,30,0,0,0.31227201,0.29984366,-0.60735786
6,West,5,B,Double,Resistance,Mix,Fes,FesMix,5.07,29.2,21.573333,0.705007959,1.333917247,0.628909288,5.07,29.2,21.89541096,172.2772277,37.8,20,0,0,0.24852662,0.380382668,-0.619416985
6,West,5,C,Double,Resistance,Mix,Rye,RyeMix,12.91,29.2,16.388333,1.110926242,1.21453478,0.103608538,12.91,29.2,29.25776718,193.5099338,35,30,0,0,0.28484924,-0.181240702,-0.118721191
6,West,10,A,Double,Resistance,Mix,Fes,FesMix,7.09,30.71,21.573333,0.850646235,1.333917247,0.483271012,7.09,30.71,21.52008974,190.0142387,36.4,30,0,0,0.24852662,0.234744392,-0.505291307
6,West,10,B,Double,Resistance,Mix,Rye,RyeMix,18.64,30.71,16.388333,1.270445908,1.21453478,-0.055911128,18.64,30.71,28.1468874,212.8706159,38.7,40,0,0,0.28484924,-0.340760368,0.064281306
6,West,10,C,Double,Resistance,Mix,Pha,PhaMix,5.64,30.71,24.03,0.751279104,1.380753771,0.629474667,5.64,30.71,23.45308885,212.4651129,43.8,40,0,0,0.31227201,0.317202657,-0.619817998
6,West,14,A,Double,Recovery,Mix,Rye,RyeMix,39.98,92.5,55.83,1.60184279,1.746867628,0.145024838,39.98,92.5,26.5948652,182.6923077,49.15,75,0,1,0.28484924,-0.139824402,-0.165431583
6,West,14,B,Double,Recovery,Mix,Pha,PhaMix,26.46,92.5,56.148333,1.42258984,1.749336867,0.326747027,26.46,92.5,26.85507378,210.4770814,32.9,90,0,1,0.31227201,0.014475017,-0.359386661
6,West,14,C,Double,Recovery,Mix,Fes,FesMix,33.28,92.5,47.821667,1.522183318,1.679624711,0.157441393,33.28,92.5,20.84675849,185.9649123,43.85,130,2,1,0.24852662,-0.091085227,-0.179301703
