"","Date","ROS1_A_F2_Avg.median","ROS1_A_P4_Avg.median","ROS1_A_R3_Avg.median","ROS1_S_F2_Avg.median","ROS1_S_P1_Avg.median","ROS1_S_R2_Avg.median","ROS2_A_F2_Avg.median","ROS2_A_P1_Avg.median","ROS2_A_R1_Avg.median","ROS2_L_F4_Avg.median","ROS2_L_P3_Avg.median","ROS2_L_R1_Avg.median","ROS3_A_F3_Avg.median","ROS3_A_P1_Avg.median","ROS3_A_R4_Avg.median","ROS3_X_F3_Avg.median","ROS3_X_P4_Avg.median","ROS3_X_R2_Avg.median","ROS4_L_F4_Avg.median","ROS4_L_P2_Avg.median","ROS4_L_R2_Avg.median","ROS4_S_F3_Avg.median","ROS4_S_P3_Avg.median","ROS4_S_R4_Avg.median","ROS5_L_F4_Avg.median","ROS5_L_P1_Avg.median","ROS5_L_R2_Avg.median","ROS5_X_F1_Avg.median","ROS5_X_P2_Avg.median","ROS5_X_R2_Avg.median","ROS6_S_F4_Avg.median","ROS6_S_P3_Avg.median","ROS6_S_R3_Avg.median","ROS6_X_F2_Avg.median","ROS6_X_P2_Avg.median","ROS6_X_R2_Avg.median"
"1",2018-06-20,0.1235,0.1255,0.129,0.097,0.098,0.088,0.1345,0.143,0.133,0.14,0.104,0.123,0.1215,0.1325,0.117,0.14,0.123,0.149,0.12,0.098,0.14,0.086,0.1065,0.119,0.106,0.113,0.122,0.139,0.113,0.119,0.11,0.062,0.089,0.095,0.092,0.119
"2",2018-06-21,0.115,0.119,0.123,0.089,0.091,0.081,0.127,0.135,0.127,0.133,0.1,0.1135,0.118,0.129,0.113,0.138,0.119,0.146,0.1155,0.097,0.1355,0.085,0.105,0.116,0.104,0.111,0.119,0.129,0.106,0.11,0.109,0.06,0.088,0.093,0.091,0.108
"3",2018-06-22,0.111,0.115,0.119,0.083,0.086,0.075,0.125,0.132,0.125,0.127,0.094,0.106,0.115,0.126,0.111,0.133,0.113,0.141,0.131,0.093,0.1305,0.083,0.1115,0.111,0.128,0.107,0.114,0.121,0.099,0.102,0.106,0.058,0.085,0.0905,0.087,0.102
"4",2018-06-23,0.107,0.112,0.116,0.078,0.082,0.071,0.123,0.13,0.124,0.122,0.09,0.101,0.114,0.124,0.109,0.129,0.109,0.136,0.13,0.09,0.127,0.081,0.11,0.107,0.127,0.104,0.11,0.116,0.094,0.096,0.104,0.056,0.082,0.088,0.083,0.096
"5",2018-06-24,0.104,0.11,0.114,0.075,0.078,0.067,0.122,0.1285,0.123,0.117,0.086,0.096,0.114,0.123,0.108,0.126,0.105,0.1325,0.128,0.087,0.123,0.078,0.106,0.1035,0.124,0.102,0.107,0.113,0.09,0.092,0.102,0.055,0.079,0.086,0.081,0.092
"6",2018-06-25,0.101,0.108,0.112,0.072,0.075,0.064,0.1205,0.128,0.123,0.114,0.083,0.092,0.113,0.122,0.107,0.123,0.102,0.129,0.125,0.084,0.12,0.076,0.103,0.101,0.121,0.099,0.104,0.11,0.087,0.089,0.1,0.054,0.077,0.085,0.0785,0.088
"7",2018-06-26,0.099,0.108,0.111,0.069,0.073,0.061,0.12,0.127,0.122,0.111,0.08,0.0885,0.113,0.1215,0.106,0.12,0.099,0.126,0.123,0.082,0.117,0.074,0.1,0.098,0.119,0.097,0.102,0.108,0.084,0.087,0.098,0.053,0.075,0.083,0.077,0.085
"8",2018-06-27,0.101,0.109,0.112,0.0685,0.072,0.0595,0.121,0.129,0.123,0.1085,0.078,0.086,0.115,0.122,0.107,0.119,0.098,0.123,0.121,0.081,0.116,0.073,0.098,0.096,0.118,0.096,0.101,0.106,0.082,0.086,0.097,0.053,0.074,0.083,0.076,0.083
"9",2018-06-28,0.101,0.11,0.113,0.068,0.071,0.059,0.121,0.129,0.124,0.107,0.078,0.085,0.115,0.123,0.108,0.118,0.097,0.122,0.12,0.08,0.115,0.072,0.096,0.097,0.117,0.095,0.1,0.106,0.082,0.085,0.097,0.053,0.074,0.082,0.075,0.082
"10",2018-06-29,0.102,0.112,0.114,0.066,0.07,0.057,0.12,0.128,0.124,0.105,0.076,0.083,0.116,0.124,0.109,0.117,0.094,0.12,0.118,0.078,0.113,0.071,0.094,0.099,0.114,0.093,0.098,0.104,0.081,0.084,0.095,0.051,0.072,0.082,0.073,0.08
"11",2018-06-30,0.101,0.111,0.112,0.065,0.069,0.056,0.119,0.127,0.123,0.102,0.074,0.08,0.115,0.123,0.107,0.115,0.092,0.118,0.115,0.076,0.111,0.069,0.092,0.097,0.113,0.092,0.096,0.102,0.079,0.082,0.094,0.05,0.07,0.081,0.071,0.077
"12",2018-07-01,0.099,0.108,0.111,0.064,0.068,0.054,0.118,0.125,0.122,0.0995,0.072,0.077,0.114,0.121,0.105,0.1135,0.089,0.115,0.112,0.074,0.108,0.068,0.089,0.093,0.112,0.09,0.094,0.1,0.076,0.08,0.092,0.05,0.069,0.08,0.07,0.074
"13",2018-07-02,0.1,0.109,0.112,0.064,0.067,0.053,0.119,0.127,0.123,0.098,0.071,0.076,0.116,0.122,0.106,0.113,0.088,0.113,0.11,0.073,0.107,0.067,0.088,0.092,0.111,0.089,0.093,0.099,0.075,0.08,0.092,0.05,0.068,0.079,0.07,0.073
"14",2018-07-03,0.101,0.11,0.113,0.063,0.066,0.052,0.119,0.127,0.123,0.096,0.07,0.078,0.116,0.122,0.107,0.112,0.087,0.111,0.108,0.071,0.106,0.066,0.087,0.0915,0.11,0.088,0.091,0.098,0.074,0.078,0.09,0.049,0.067,0.078,0.068,0.072
"15",2018-07-04,0.101,0.11,0.113,0.062,0.065,0.051,0.119,0.127,0.123,0.094,0.068,0.077,0.115,0.123,0.107,0.11,0.085,0.11,0.106,0.069,0.104,0.065,0.085,0.09,0.108,0.086,0.09,0.0965,0.073,0.077,0.089,0.049,0.066,0.077,0.067,0.07
"16",2018-07-05,0.099,0.109,0.111,0.063,0.065,0.05,0.118,0.1255,0.122,0.093,0.067,0.075,0.114,0.122,0.106,0.11,0.084,0.108,0.103,0.068,0.103,0.065,0.084,0.089,0.108,0.0855,0.089,0.095,0.0715,0.076,0.089,0.049,0.066,0.076,0.066,0.069
"17",2018-07-06,0.096,0.107,0.109,0.062,0.064,0.049,0.115,0.123,0.12,0.09,0.065,0.072,0.113,0.12,0.103,0.109,0.0825,0.105,0.1,0.066,0.1,0.064,0.083,0.086,0.107,0.0845,0.0865,0.093,0.07,0.074,0.087,0.048,0.065,0.075,0.065,0.067
"18",2018-07-07,0.091,0.101,0.105,0.06,0.062,0.046,0.11,0.117,0.116,0.086,0.06,0.065,0.109,0.115,0.098,0.106,0.078,0.099,0.094,0.062,0.096,0.061,0.079,0.082,0.105,0.081,0.082,0.09,0.067,0.071,0.084,0.047,0.062,0.073,0.062,0.062
"19",2018-07-08,0.088,0.098,0.102,0.059,0.061,0.045,0.108,0.114,0.113,0.084,0.058,0.062,0.107,0.112,0.096,0.105,0.077,0.095,0.09,0.06,0.093,0.06,0.078,0.079,0.103,0.08,0.08,0.088,0.065,0.069,0.082,0.046,0.061,0.072,0.061,0.06
"20",2018-07-09,0.086,0.096,0.1,0.057,0.0595,0.043,0.106,0.1125,0.111,0.081,0.056,0.058,0.106,0.109,0.093,0.104,0.074,0.091,0.086,0.057,0.09,0.058,0.076,0.077,0.101,0.077,0.077,0.086,0.063,0.067,0.08,0.045,0.059,0.07,0.059,0.057
"21",2018-07-10,0.085,0.096,0.101,0.056,0.059,0.042,0.107,0.113,0.111,0.079,0.054,0.056,0.107,0.11,0.093,0.103,0.072,0.088,0.083,0.055,0.088,0.058,0.075,0.076,0.1,0.076,0.075,0.084,0.062,0.066,0.079,0.044,0.058,0.069,0.058,0.056
"22",2018-07-11,0.086,0.098,0.103,0.056,0.058,0.041,0.109,0.114,0.112,0.078,0.053,0.054,0.109,0.111,0.094,0.102,0.071,0.086,0.081,0.054,0.087,0.057,0.073,0.075,0.1,0.075,0.074,0.083,0.061,0.065,0.0785,0.044,0.058,0.068,0.057,0.055
"23",2018-07-12,0.0855,0.098,0.103,0.0555,0.058,0.04,0.109,0.115,0.1125,0.077,0.0525,0.053,0.108,0.11,0.094,0.102,0.07,0.084,0.079,0.053,0.086,0.057,0.073,0.074,0.099,0.074,0.072,0.082,0.0605,0.064,0.078,0.043,0.057,0.068,0.057,0.054
"24",2018-07-13,0.084,0.096,0.103,0.055,0.057,0.04,0.107,0.113,0.111,0.075,0.051,0.052,0.107,0.109,0.093,0.101,0.069,0.082,0.076,0.052,0.085,0.056,0.072,0.072,0.098,0.073,0.071,0.081,0.06,0.063,0.077,0.043,0.056,0.067,0.056,0.052
"25",2018-07-14,0.0845,0.096,0.105,0.054,0.056,0.0385,0.1045,0.112,0.11,0.073,0.05,0.05,0.106,0.107,0.092,0.101,0.068,0.079,0.074,0.05,0.083,0.055,0.07,0.071,0.097,0.072,0.069,0.079,0.058,0.061,0.076,0.042,0.056,0.066,0.055,0.05
"26",2018-07-15,0.083,0.094,0.103,0.054,0.055,0.038,0.1035,0.11,0.1095,0.072,0.049,0.049,0.105,0.106,0.09,0.1,0.067,0.078,0.072,0.049,0.0815,0.055,0.069,0.07,0.097,0.071,0.067,0.078,0.0575,0.06,0.075,0.042,0.055,0.065,0.054,0.049
"27",2018-07-16,0.081,0.092,0.102,0.053,0.055,0.037,0.1025,0.108,0.108,0.071,0.048,0.048,0.103,0.104,0.087,0.099,0.066,0.076,0.07,0.048,0.08,0.054,0.069,0.069,0.096,0.071,0.066,0.078,0.057,0.059,0.074,0.042,0.055,0.064,0.054,0.049
"28",2018-07-17,0.081,0.091,0.104,0.056,0.055,0.038,0.102,0.108,0.108,0.071,0.048,0.048,0.102,0.103,0.085,0.1,0.066,0.076,0.07,0.048,0.08,0.055,0.069,0.069,0.097,0.071,0.0665,0.078,0.058,0.06,0.075,0.043,0.056,0.065,0.054,0.049
"29",2018-07-18,0.08,0.09,0.103,0.055,0.055,0.037,0.099,0.106,0.106,0.07,0.047,0.048,0.101,0.101,0.084,0.1,0.066,0.075,0.069,0.048,0.08,0.054,0.069,0.068,0.097,0.071,0.066,0.078,0.058,0.059,0.074,0.043,0.055,0.064,0.054,0.049
"30",2018-07-19,0.08,0.089,0.105,0.053,0.053,0.035,0.099,0.104,0.1045,0.067,0.0445,0.045,0.105,0.101,0.084,0.098,0.063,0.071,0.065,0.045,0.0765,0.052,0.066,0.065,0.094,0.0685,0.062,0.075,0.055,0.056,0.072,0.041,0.053,0.062,0.052,0.046
"31",2018-07-20,0.08,0.089,0.107,0.053,0.052,0.034,0.098,0.102,0.103,0.066,0.043,0.044,0.107,0.1,0.083,0.097,0.062,0.07,0.064,0.0445,0.075,0.051,0.065,0.0645,0.094,0.068,0.061,0.074,0.055,0.055,0.071,0.041,0.052,0.0605,0.051,0.045
"32",2018-07-21,0.081,0.089,0.11,0.052,0.051,0.034,0.098,0.1,0.102,0.065,0.042,0.043,0.109,0.101,0.0845,0.096,0.061,0.068,NA,NA,NA,NA,NA,NA,0.093,0.066,0.059,0.073,0.054,0.054,0.07,0.04,0.052,0.059,0.05,0.044
"33",2018-07-22,0.082,0.091,0.114,0.05,0.05,0.032,0.098,0.101,0.103,0.062,0.041,0.041,0.112,0.105,0.087,0.095,0.059,0.066,NA,NA,NA,NA,NA,NA,0.091,0.0645,0.057,0.071,0.052,0.052,0.068,0.039,0.05,0.058,0.048,0.043
"34",2018-07-23,0.086,0.0945,0.1175,0.052,0.05,0.033,0.1,0.1015,0.104,0.062,0.041,0.041,0.111,0.104,0.088,0.095,0.059,0.066,0.061,0.043,0.074,0.051,0.064,0.062,0.091,0.065,0.057,0.072,0.053,0.052,0.068,0.04,0.051,0.058,0.0485,0.043
"35",2018-07-24,0.0895,0.097,0.1185,0.052,0.05,0.033,0.1,0.102,0.106,0.062,0.041,0.04,0.115,0.112,0.095,0.095,0.059,0.065,0.059,0.042,0.072,0.05,0.063,0.061,0.091,0.065,0.056,0.071,0.053,0.052,0.068,0.04,0.051,0.058,0.049,0.043
"36",2018-07-25,0.086,0.094,0.115,0.051,0.049,0.032,0.098,0.099,0.106,0.06,0.039,0.039,0.115,0.113,0.099,0.094,0.057,0.063,0.057,0.04,0.07,0.049,0.061,0.059,0.09,0.064,0.054,0.07,0.051,0.05,0.067,0.04,0.05,0.0555,0.0475,0.042
"37",2018-07-26,0.082,0.0905,0.11,0.05,0.048,0.031,0.097,0.095,0.105,0.059,0.038,0.038,0.117,0.117,0.103,0.093,0.056,0.061,0.055,0.039,0.068,0.048,0.06,0.057,0.089,0.0625,0.0525,0.069,0.051,0.049,0.066,0.039,0.049,0.054,0.0465,0.041
"38",2018-07-27,0.0835,0.091,0.113,0.048,0.046,0.03,0.096,0.09,0.105,0.057,0.037,0.036,0.121,0.122,0.108,0.092,0.054,0.059,0.054,0.038,0.067,0.047,0.059,0.056,0.088,0.061,0.051,0.0675,0.05,0.048,0.064,0.038,0.048,0.053,0.045,0.0395
"39",2018-07-28,0.085,0.091,0.116,0.0495,0.046,0.03,0.099,0.079,0.109,0.056,0.037,0.036,0.123,0.127,0.1135,0.0915,0.054,0.059,0.054,0.038,0.0665,0.047,0.058,0.055,0.088,0.061,0.05,0.067,0.05,0.0475,0.065,0.039,0.048,0.053,0.046,0.04
"40",2018-07-29,0.084,0.09,0.114,0.05,0.046,0.03,0.101,0.078,0.109,0.056,0.037,0.036,0.12,0.1255,0.113,0.092,0.054,0.0585,0.054,0.038,0.066,0.047,0.058,0.055,0.088,0.061,0.05,0.067,0.05,0.048,0.065,0.039,0.0485,0.0525,0.046,0.04
"41",2018-07-30,0.077,0.083,0.105,0.049,0.045,0.029,0.101,0.077,0.109,0.055,0.036,0.035,0.118,0.123,0.109,0.09,0.052,0.056,0.052,0.037,0.065,0.046,0.057,0.053,0.087,0.06,0.049,0.066,0.049,0.046,0.063,0.038,0.047,0.051,0.045,0.038
"42",2018-07-31,0.075,0.079,0.102,0.048,0.044,0.028,0.11,0.088,0.116,0.053,0.035,0.033,0.118,0.12,0.107,0.088,0.05,0.054,0.051,0.035,0.063,0.045,0.055,0.051,0.085,0.058,0.047,0.064,0.048,0.044,0.0615,0.037,0.046,0.049,0.044,0.037
"43",2018-08-01,0.101,0.102,0.1185,0.047,0.043,0.028,0.108,0.089,0.115,0.052,0.034,0.033,0.119,0.121,0.108,0.088,0.0495,0.054,0.05,0.035,0.062,0.0445,0.054,0.05,0.084,0.057,0.046,0.0635,0.047,0.044,0.061,0.037,0.045,0.049,0.043,0.036
"44",2018-08-02,0.118,0.126,0.127,0.046,0.0425,0.027,0.1045,0.088,0.1125,0.051,0.034,0.032,0.118,0.12,0.107,0.086,0.049,0.052,0.049,0.034,0.06,0.044,0.053,0.049,0.083,0.0565,0.045,0.0625,0.046,0.043,0.06,0.036,0.045,0.048,0.043,0.036
"45",2018-08-03,0.115,0.122,0.126,0.047,0.043,0.028,0.111,0.096,0.119,0.051,0.035,0.0335,0.119,0.127,0.113,0.087,0.049,0.053,0.05,0.035,0.0615,0.045,0.054,0.049,0.0835,0.0575,0.047,0.063,0.048,0.0405,0.06,0.038,0.046,0.049,0.0435,0.037
"46",2018-08-04,0.106,0.112,0.12,0.047,0.042,0.027,0.104,0.091,0.114,0.05,0.034,0.033,0.113,0.121,0.1,0.086,0.047,0.052,0.049,0.034,0.06,0.044,0.053,0.048,0.083,0.056,0.046,0.062,0.047,0.037,0.059,0.037,0.045,0.048,0.043,0.036
"47",2018-08-05,0.101,0.106,0.117,0.045,0.04,0.026,0.099,0.085,0.109,0.048,0.032,0.032,0.1105,0.115,0.095,0.084,0.046,0.0505,0.047,0.033,0.058,0.043,0.051,0.046,0.081,0.055,0.044,0.06,0.045,0.036,0.057,0.036,0.044,0.046,0.0415,0.034
"48",2018-08-06,0.097,0.102,0.114,0.045,0.04,0.025,0.096,0.081,0.107,0.047,0.032,0.032,0.1115,0.1135,0.093,0.083,0.045,0.05,0.046,0.032,0.057,0.042,0.05,0.045,0.0805,0.054,0.043,0.06,0.045,0.035,0.057,0.035,0.043,0.046,0.041,0.034
"49",2018-08-07,0.095,0.099,0.113,0.045,0.039,0.025,0.094,0.077,0.105,0.047,0.032,0.031,0.111,0.112,0.091,0.082,0.044,0.05,0.046,0.032,0.057,0.042,0.05,0.044,0.08,0.054,0.043,0.059,0.045,0.035,0.056,0.035,0.043,0.045,0.041,0.034
"50",2018-08-08,0.096,0.0995,0.116,0.044,0.038,0.025,0.096,0.079,0.11,0.045,0.031,0.031,0.113,0.113,0.09,0.081,0.043,0.049,0.045,0.031,0.055,0.041,0.048,0.0425,0.079,0.053,0.0425,0.058,0.044,0.0335,0.055,0.0345,0.042,0.0445,0.04,0.033
"51",2018-08-09,0.097,0.1,0.117,0.043,0.038,0.0245,0.101,0.081,0.114,0.045,0.031,0.031,0.112,0.113,0.089,0.08,0.042,0.049,0.045,0.031,0.055,0.041,0.048,0.042,0.078,0.053,0.0425,0.058,0.044,0.033,0.055,0.0345,0.042,0.044,0.04,0.033
"52",2018-08-10,0.096,0.1,0.117,0.0435,0.038,0.024,0.105,0.085,0.116,0.044,0.031,0.031,0.115,0.113,0.09,0.08,0.041,0.049,0.045,0.031,0.054,0.041,0.047,0.041,0.078,0.0525,0.042,0.0575,0.0435,0.033,0.055,0.035,0.042,0.044,0.04,0.033
"53",2018-08-11,0.098,0.104,0.1185,0.0445,0.038,0.025,0.1105,0.087,0.12,0.044,0.032,0.032,0.114,0.116,0.09,0.08,0.042,0.049,0.045,0.032,0.054,0.0415,0.047,0.041,0.0785,0.053,0.043,0.058,0.044,0.033,0.055,0.035,0.042,0.044,0.041,0.033
"54",2018-08-12,0.09,0.097,0.113,0.043,0.037,0.024,0.101,0.08,0.113,0.043,0.031,0.031,0.113,0.113,0.087,0.079,0.04,0.048,0.044,0.031,0.053,0.04,0.046,0.04,0.077,0.052,0.042,0.056,0.043,0.032,0.054,0.034,0.041,0.043,0.039,0.032
"55",2018-08-13,0.117,0.128,0.131,0.042,0.036,0.023,0.1,0.077,0.1125,0.041,0.03,0.03,0.116,0.113,0.0845,0.077,0.0385,0.047,0.043,0.03,0.051,0.0395,0.044,0.038,0.075,0.05,0.041,0.055,0.042,0.031,0.053,0.033,0.0395,0.041,0.038,0.0315
"56",2018-08-14,0.117,0.1285,0.13,0.042,0.035,0.023,0.107,0.081,0.117,0.041,0.03,0.03,0.119,0.117,0.0855,0.0765,0.038,0.047,0.043,0.03,0.051,0.039,0.044,0.038,0.075,0.05,0.041,0.055,0.042,0.031,0.0525,0.033,0.0395,0.041,0.039,0.032
"57",2018-08-15,0.112,0.123,0.126,0.043,0.036,0.024,0.105,0.078,0.115,0.042,0.031,0.031,0.117,0.115,0.084,0.077,0.038,0.048,0.044,0.031,0.052,0.04,0.045,0.039,0.076,0.051,0.042,0.0555,0.043,0.031,0.053,0.034,0.04,0.041,0.04,0.032
"58",2018-08-16,0.102,0.111,0.118,0.042,0.035,0.023,0.1,0.074,0.111,0.041,0.03,0.031,0.113,0.111,0.081,0.076,0.038,0.048,0.043,0.03,0.051,0.04,0.044,0.038,0.076,0.05,0.042,0.055,0.042,0.031,0.053,0.034,0.04,0.041,0.039,0.032
"59",2018-08-17,0.094,0.102,0.112,0.04,0.033,0.022,0.1,0.068,0.109,0.039,0.029,0.029,0.114,0.113,0.076,0.0725,0.035,0.0455,0.041,0.028,0.048,0.037,0.041,0.036,0.072,0.047,0.039,0.052,0.04,0.029,0.05,0.032,0.037,0.038,0.037,0.03
"60",2018-08-18,0.091,0.098,0.112,0.04,0.033,0.022,0.105,0.068,0.111,0.039,0.029,0.029,0.117,0.116,0.078,0.072,0.035,0.046,0.041,0.028,0.048,0.037,0.041,0.035,0.072,0.047,0.039,0.052,0.04,0.029,0.05,0.032,0.037,0.038,0.037,0.03
"61",2018-08-19,0.089,0.095,0.111,0.039,0.032,0.021,0.103,0.067,0.11,0.038,0.028,0.0285,0.115,0.115,0.079,0.071,0.034,0.045,0.04,0.028,0.047,0.037,0.04,0.035,0.071,0.047,0.039,0.051,0.039,0.028,0.049,0.031,0.037,0.038,0.037,0.03
"62",2018-08-20,0.085,0.091,0.1105,0.038,0.031,0.021,0.104,0.066,0.109,0.037,0.028,0.028,0.115,0.117,0.0805,0.07,0.033,0.045,0.04,0.027,0.046,0.036,0.039,0.034,0.07,0.046,0.038,0.05,0.039,0.028,0.049,0.031,0.036,0.037,0.036,0.029
"63",2018-08-21,0.082,0.088,0.111,0.039,0.031,0.021,0.106,0.067,0.108,0.037,0.028,0.028,0.117,0.12,0.085,0.069,0.033,0.045,0.039,0.027,0.046,0.036,0.039,0.034,0.07,0.045,0.038,0.05,0.039,0.028,0.048,0.031,0.036,0.036,0.036,0.029
"64",2018-08-22,0.08,0.0865,0.112,0.038,0.031,0.021,0.112,0.0695,0.111,0.037,0.028,0.028,0.1185,0.124,0.0915,0.068,0.032,0.045,0.039,0.027,0.046,0.036,0.039,0.034,0.069,0.045,0.038,0.05,0.039,0.027,0.048,0.031,0.036,0.036,0.036,0.029
"65",2018-08-23,0.079,0.086,0.113,0.038,0.031,0.021,0.116,0.074,0.116,0.037,0.028,0.028,0.12,0.129,0.106,0.068,0.032,0.045,0.039,0.027,0.046,0.035,0.039,0.034,0.069,0.045,0.038,0.05,0.039,0.027,0.048,0.031,0.036,0.036,0.036,0.029
"66",2018-08-24,0.081,0.088,0.117,0.038,0.0305,0.021,0.119,0.083,0.122,0.037,0.0275,0.028,0.122,0.133,0.113,0.067,0.032,0.045,0.039,0.027,0.046,0.035,0.038,0.034,0.068,0.044,0.038,0.049,0.039,0.027,0.048,0.031,0.0355,0.036,0.036,0.029
"67",2018-08-25,0.087,0.093,0.122,0.037,0.03,0.02,0.122,0.0935,0.128,0.036,0.027,0.028,0.124,0.138,0.1155,0.066,0.032,0.045,0.039,0.027,0.045,0.035,0.038,0.033,0.067,0.043,0.037,0.049,0.038,0.027,0.047,0.03,0.035,0.035,0.035,0.029
"68",2018-08-26,0.097,0.101,0.127,0.037,0.03,0.02,0.125,0.1065,0.134,0.036,0.027,0.028,0.126,0.143,0.118,0.066,0.032,0.0445,0.0385,0.027,0.045,0.035,0.0375,0.033,0.067,0.043,0.037,0.048,0.039,0.027,0.047,0.03,0.035,0.035,0.035,0.029
"69",2018-08-27,0.104,0.114,0.128,0.038,0.03,0.02,0.128,0.114,0.136,0.036,0.027,0.028,0.126,0.145,0.118,0.066,0.031,0.045,0.038,0.027,0.045,0.034,0.037,0.033,0.067,0.043,0.037,0.048,0.039,0.027,0.047,0.03,0.035,0.035,0.035,0.029
"70",2018-08-28,0.1045,0.116,0.127,0.036,0.0295,0.02,0.127,0.113,0.135,0.035,0.027,0.027,0.124,0.143,0.116,0.065,0.031,0.0445,0.038,0.026,0.044,0.034,0.037,0.032,0.066,0.042,0.037,0.048,0.038,0.026,0.046,0.03,0.034,0.034,0.035,0.0285
"71",2018-08-29,0.101,0.112,0.123,0.036,0.029,0.0195,0.123,0.107,0.131,0.035,0.0265,0.027,0.119,0.138,0.111,0.064,0.03,0.044,0.037,0.026,0.044,0.0335,0.036,0.032,0.065,0.042,0.0365,0.047,0.037,0.026,0.045,0.029,0.034,0.034,0.034,0.028
"72",2018-08-30,0.097,0.1055,0.1215,0.028,0.029,0.02,0.122,0.105,0.131,0.035,0.027,0.0275,0.12,0.137,0.109,0.0645,0.031,0.045,0.038,0.026,0.044,0.034,0.037,0.032,0.0655,0.043,0.037,0.048,0.037,0.026,0.046,0.03,0.034,0.034,0.035,0.0285
"73",2018-08-31,0.0995,0.108,0.124,0.025,0.029,0.02,0.126,0.109,0.134,0.035,0.027,0.027,0.122,0.141,0.1125,0.064,0.03,0.044,0.038,0.026,0.044,0.034,0.036,0.032,0.065,0.042,0.037,0.047,0.037,0.026,0.046,0.0295,0.034,0.034,0.034,0.028
"74",2018-09-01,0.0985,0.108,0.124,0.026,0.03,0.02,0.124,0.108,0.133,0.036,0.027,0.028,0.12,0.139,0.112,0.064,0.031,0.045,0.038,0.027,0.045,0.034,0.037,0.033,0.066,0.043,0.038,0.048,0.038,0.027,0.0465,0.03,0.035,0.0345,0.035,0.029
"75",2018-09-02,0.096,0.106,0.1235,0.025,0.029,0.02,0.124,0.107,0.131,0.035,0.027,0.027,0.118,0.14,0.107,0.062,0.03,0.044,0.037,0.026,0.044,0.033,0.036,0.032,0.064,0.041,0.037,0.047,0.037,0.026,0.045,0.029,0.034,0.034,0.034,0.028
"76",2018-09-03,0.1,0.11,0.127,0.025,0.028,0.019,0.127,0.113,0.134,0.034,0.027,0.027,0.119,0.144,0.109,0.061,0.03,0.044,0.037,0.026,0.043,0.033,0.035,0.032,0.064,0.041,0.036,0.046,0.037,0.025,0.045,0.029,0.033,0.033,0.034,0.028
"77",2018-09-04,0.1045,0.116,0.127,0.025,0.029,0.02,0.1275,0.116,0.135,0.035,0.027,0.097,0.119,0.145,0.114,0.062,0.03,0.045,0.038,0.026,0.044,0.033,0.0355,0.033,0.064,0.041,0.037,0.047,0.038,0.026,0.045,0.03,0.034,0.034,0.034,0.028
"78",2018-09-05,0.108,0.12,0.128,0.024,0.028,0.019,0.129,0.117,0.136,0.034,0.027,0.085,0.12,0.146,0.116,0.061,0.03,0.044,0.037,0.026,0.043,0.033,0.035,0.032,0.063,0.04,0.036,0.045,0.037,0.025,0.045,0.029,0.033,0.034,0.034,0.028
"79",2018-09-06,0.106,0.118,0.125,0.025,0.029,0.02,0.126,0.114,0.135,0.034,0.027,0.08,0.119,0.143,0.114,0.061,0.03,0.045,0.038,0.026,0.044,0.033,0.036,0.0325,0.064,0.041,0.037,0.044,0.038,0.026,0.046,0.03,0.034,0.034,0.035,0.0285
"80",2018-09-07,0.1,0.111,0.1215,0.025,0.029,0.02,0.12,0.108,0.132,0.041,0.034,0.078,0.115,0.1385,0.109,0.065,0.0335,0.048,0.041,0.028,0.0465,0.033,0.036,0.0325,0.066,0.043,0.039,0.046,0.0405,0.027,0.046,0.03,0.034,0.036,0.036,0.03
"81",2018-09-08,0.102,0.111,0.124,0.024,0.028,0.019,0.124,0.112,0.132,0.051,0.046,0.095,0.12,0.147,0.108,0.134,0.108,0.138,0.048,0.031,0.053,0.032,0.035,0.031,0.0765,0.048,0.042,0.069,0.059,0.039,0.044,0.029,0.033,0.041,0.047,0.059
"82",2018-09-09,0.102,0.112,0.124,0.025,0.028,0.02,0.1225,0.114,0.1315,0.054,0.047,0.094,0.119,0.145,0.109,0.129,0.103,0.133,0.05,0.034,0.054,0.032,0.035,0.032,0.076,0.048,0.0425,0.079,0.068,0.045,0.0445,0.029,0.033,0.041,0.046,0.057
"83",2018-09-10,0.098,0.109,0.122,0.024,0.028,0.0195,0.121,0.112,0.13,0.056,0.047,0.088,0.117,0.139,0.106,0.12,0.096,0.124,0.05,0.034,0.0535,0.032,0.035,0.032,0.076,0.05,0.044,0.086,0.07,0.048,0.044,0.029,0.033,0.045,0.051,0.0615
"84",2018-09-11,0.096,0.105,0.124,0.024,0.028,0.0195,0.12,0.11,0.13,0.066,0.054,0.09,0.116,0.137,0.103,0.114,0.091,0.118,0.053,0.0375,0.0585,0.031,0.0345,0.0315,0.133,0.097,0.075,0.0915,0.0745,0.0505,0.044,0.029,0.033,0.079,0.087,0.098
"85",2018-09-12,0.092,0.101,0.122,0.024,0.0285,0.02,0.119,0.108,0.129,0.088,0.0755,0.0985,0.115,0.135,0.1,0.109,0.087,0.111,0.063,0.0605,0.0895,0.032,0.035,0.032,0.123,0.088,0.074,0.113,0.099,0.0715,0.045,0.029,0.033,0.075,0.0785,0.084
"86",2018-09-13,0,-0.001,-0.002,0.024,0.028,0.019,0.115,0.103,0.125,0.093,0.082,0.094,0.112,0.132,0.095,0.105,0.083,0.106,0.062,0.066,0.107,0.031,0.034,0.031,0.123,0.086,0.078,0.108,0.096,0.082,0.044,0.029,0.033,0.087,0.094,0.099
"87",2018-09-14,-0.001,-0.002,-0.003,0.024,0.0275,0.019,0.1155,0.1015,0.124,0.096,0.1055,0.091,0.1135,0.132,0.092,0.101,0.079,0.1,0.062,0.074,0.1195,0.031,0.034,0.031,0.113,0.08,0.073,0.106,0.093,0.087,0.044,0.029,0.032,0.079,0.082,0.084
"88",2018-09-15,-0.001,-0.001,-0.005,0.024,0.0275,0.019,0.112,0.097,0.121,0.093,0.097,0.085,0.111,0.129,0.087,0.098,0.074,0.093,0.061,0.075,0.12,0.031,0.034,0.031,0.106,0.074,0.066,0.104,0.088,0.083,0.043,0.028,0.032,0.0725,0.0705,0.072
"89",2018-09-16,-0.002,-0.002,-0.006,0.022,0.026,0.018,0.105,0.087,0.114,0.088,0.084,0.077,0.11,0.125,0.0775,0.093,0.068,0.086,0.058,0.073,0.113,0.029,0.032,0.0295,0.1,0.067,0.061,0.1,0.083,0.082,0.041,0.027,0.03,0.066,0.061,0.062
"90",2018-09-17,-0.002,-0.002,-0.005,0.022,0.0255,0.017,0.1115,0.0915,0.1155,0.0975,0.087,0.081,0.118,0.132,0.078,0.09,0.065,0.08,0.059,0.075,0.115,0.028,0.032,0.029,0.094,0.062,0.056,0.111,0.089,0.0955,0.041,0.026,0.03,0.061,0.055,0.055
"91",2018-09-18,-0.002,-0.001,-0.005,0.022,0.026,0.018,0.1155,0.096,0.118,0.1005,0.0905,0.082,0.118,0.135,0.0935,0.0885,0.063,0.076,0.06,0.077,0.118,0.029,0.032,0.029,0.0935,0.0595,0.054,0.114,0.092,0.094,0.041,0.027,0.03,0.059,0.053,0.052
"92",2018-09-19,-0.002,-0.001,-0.005,0.022,0.026,0.018,0.114,0.094,0.116,0.099,0.085,0.08,0.116,0.133,0.102,0.086,0.06,0.072,0.059,0.0755,0.115,0.029,0.032,0.029,0.092,0.057,0.052,0.1145,0.09,0.09,0.041,0.026,0.03,0.0565,0.0505,0.049
"93",2018-09-20,-0.002,-0.001,-0.005,0.021,0.025,0.017,0.109,0.087,0.111,0.0955,0.072,0.018,0.1115,0.129,0.098,0.082,0.055,0.066,0.024,-0.003,-0.002,0.027,0.031,0.028,0.0875,0.053,0.048,0.11,0.084,0.066,0.039,0.025,0.029,0.052,0.047,0.044
"94",2018-09-21,-0.002,-0.0015,-0.005,0.021,0.025,0.017,0.105,0.081,0.108,0.064,NA,0.042,0.112,0.129,0.095,0.08,0.053,0.063,-0.006,-0.002,-0.002,0.027,0.0305,0.028,0.087,0.0515,0.047,-0.005,-0.004,-0.005,0.04,0.026,0.029,0.051,0.046,0.042
"95",2018-09-22,-0.002,-0.001,-0.004,0.022,0.025,0.017,0.1115,0.084,0.1105,0.0785,NA,0.104,0.116,0.1335,0.1035,0.078,0.05,0.061,-0.006,-0.002,-0.002,0.028,0.031,0.029,0.086,0.05,0.047,-0.004,-0.004,-0.004,0.04,0.026,0.03,0.05,0.045,0.041
"96",2018-09-23,-0.002,-0.001,-0.005,0.022,0.025,0.017,0.115,0.086,0.111,0.0195,NA,0.11,0.1175,0.136,0.113,0.076,0.048,0.0585,-0.005,-0.002,-0.002,0.0275,0.031,0.028,0.084,0.048,0.045,-0.004,-0.004,-0.004,0.0395,0.026,0.029,0.048,0.044,0.039
"97",2018-09-24,-0.002,-0.001,-0.004,0.02,0.024,0.016,0.124,0.093,0.113,0.003,NA,0.0595,0.1205,0.139,0.12,0.072,0.045,0.056,-0.005,-0.002,-0.002,0.027,0.03,0.027,0.08,0.046,0.044,-0.005,-0.004,-0.005,0.038,0.025,0.028,0.045,0.042,0.038
"98",2018-09-25,-0.002,-0.001,-0.0045,0.021,0.024,0.017,0.1245,0.105,0.1215,0.003,NA,0.014,0.122,0.141,0.122,0.071,0.043,0.055,-0.005,-0.002,-0.002,0.027,0.03,0.028,0.08,0.046,0.044,-0.005,-0.004,-0.005,0.039,0.025,0.0285,0.045,0.042,0.038
"99",2018-09-26,-0.002,-0.001,-0.004,0.021,0.024,0.016,0.1275,0.115,0.127,0.008,NA,0.034,0.1265,0.144,0.124,0.07,0.042,0.054,-0.004,-0.002,-0.002,0.026,0.029,0.028,0.078,0.044,0.043,-0.005,-0.004,-0.005,0.038,0.024,0.028,0.043,0.041,0.036
"100",2018-09-27,-0.002,-0.001,-0.0035,0.024,0.024,0.017,0.125,0.1145,0.127,0.005,NA,0.017,0.125,0.143,0.122,0.069,0.041,0.054,-0.005,-0.002,-0.001,0.026,0.03,0.028,0.078,0.044,0.043,-0.005,-0.003,-0.004,0.038,0.025,0.028,0.043,0.041,0.036
"101",2018-09-28,-0.002,-0.001,-0.004,0.024,0.025,0.017,0.122,0.111,0.124,0.0055,NA,0.0105,0.122,0.139,0.118,0.068,0.04,0.054,-0.005,-0.002,-0.002,0.027,0.03,0.029,0.078,0.044,0.0435,-0.005,-0.003,-0.004,0.039,0.025,0.029,0.042,0.042,0.036
"102",2018-09-29,-0.002,-0.001,-0.005,0.024,0.024,0.017,0.12,0.1075,0.121,0.004,NA,0.007,0.119,0.134,0.113,0.066,0.039,0.053,-0.005,-0.001,-0.002,0.027,0.03,0.028,0.0765,0.043,0.042,-0.005,-0.002,-0.005,0.038,0.025,0.028,0.041,0.041,0.035
"103",2018-09-30,-0.002,-0.0015,-0.005,0.023,0.023,0.016,0.121,0.106,0.115,0.0095,NA,0.008,0.119,0.1325,0.109,0.063,0.0365,0.05,-0.005,-0.001,-0.002,0.026,0.029,0.027,0.073,0.042,0.041,-0.005,-0.002,-0.005,0.037,0.024,0.027,0.039,0.039,0.033
"104",2018-10-01,-0.002,-0.001,-0.004,0.023,0.024,0.016,0.123,0.1095,0.118,0.004,NA,0.008,0.1185,0.1335,0.111,0.062,0.036,0.05,-0.005,-0.001,-0.002,0.026,0.029,0.0275,0.072,0.042,0.041,-0.005,-0.003,-0.005,0.038,0.024,0.0275,0.038,0.039,0.033
"105",2018-10-02,-0.002,-0.001,-0.004,0.023,0.024,0.016,0.122,0.109,0.1185,0.003,NA,0.005,0.117,0.133,0.109,0.061,0.0355,0.0495,-0.005,-0.001,-0.002,0.026,0.029,0.028,0.071,0.041,0.041,-0.005,-0.002,-0.004,0.038,0.024,0.028,0.038,0.039,0.033
"106",2018-10-03,-0.002,-0.001,-0.003,0.022,0.023,0.016,0.117,0.104,0.114,0.003,0.096,0.002,0.114,0.129,0.106,0.059,0.034,0.049,-0.004,-0.001,-0.001,0.026,0.0285,0.027,0.069,0.04,0.04,-0.005,-0.002,-0.004,0.037,0.024,0.027,0.037,0.038,0.032
"107",2018-10-04,-0.002,-0.001,0,0.022,0.023,0.015,0.123,0.109,0.12,0.0595,0.82,0.093,0.117,0.133,0.104,0.058,0.033,0.048,-0.002,0,-0.001,0.025,0.028,0.027,0.068,0.039,0.039,-0.004,-0.002,-0.004,0.037,0.023,0.027,0.036,0.038,0.032
"108",2018-10-05,-0.002,-0.001,0.0045,0.022,0.022,0.015,0.124,0.119,0.1425,0.0525,0.3415,0.095,0.116,0.132,0.107,0.057,0.033,0.048,0,0.001,0.002,0.025,0.028,0.052,0.067,0.038,0.04,-0.003,-0.001,-0.004,0.041,0.023,0.027,0.045,0.037,0.031
"109",2018-10-06,-0.002,-0.001,0.004,0.022,0.023,0.015,0.117,0.111,0.134,0.002,0.116,0.041,0.111,0.128,0.104,0.057,0.033,0.048,-0.002,0.001,-0.001,0.025,0.028,0.053,0.0665,0.0375,0.041,-0.0035,-0.001,-0.004,0.0435,0.024,0.027,0.047,0.037,0.031
"110",2018-10-07,-0.002,-0.001,0.007,0.021,0.023,0.016,0.121,0.113,0.132,0.002,0.115,0.126,0.114,0.131,0.102,0.057,0.033,0.048,-0.001,0.002,-0.001,0.025,0.028,0.049,0.066,0.038,0.0405,-0.003,-0.001,-0.004,0.044,0.024,0.027,0.045,0.037,0.031
"111",2018-10-08,-0.002,-0.001,0.012,0.022,0.023,0.016,0.124,0.1155,0.1315,0.002,0.0345,0.026,0.117,0.1335,0.1055,0.058,0.034,0.049,-0.001,0.002,-0.001,0.0255,0.029,0.048,0.067,0.038,0.042,-0.003,-0.001,-0.004,0.0455,0.024,0.028,0.045,0.038,0.032
"112",2018-10-09,-0.002,-0.001,0.012,0.022,0.024,0.016,0.124,0.115,0.129,0.001,0.007,0.0055,0.1175,0.135,0.109,0.058,0.034,0.049,-0.001,0.002,-0.001,0.026,0.029,0.046,0.067,0.039,0.042,-0.002,-0.001,-0.004,0.046,0.024,0.028,0.043,0.039,0.032
"113",2018-10-10,-0.002,-0.001,0.016,0.021,0.022,0.015,0.1295,0.121,0.132,0.0255,0.069,0.0775,0.121,0.1395,0.112,0.055,0.032,0.047,0.001,0.002,0.002,0.024,0.028,0.044,0.064,0.037,0.039,-0.002,-0.001,-0.005,0.044,0.023,0.026,0.041,0.036,0.03
"114",2018-10-11,-0.002,-0.002,0.021,0.021,0.022,0.015,0.131,0.122,0.134,0,0.028,0.029,0.123,0.143,0.123,0.054,0.031,0.047,0,0.002,-0.001,0.024,0.027,0.053,0.063,0.036,0.039,-0.003,-0.001,-0.005,0.043,0.023,0.026,0.041,0.036,0.03
"115",2018-10-12,-0.002,-0.002,0.026,0.021,0.022,0.015,0.132,0.122,0.135,0,0.049,0.032,0.125,0.144,0.123,0.054,0.031,0.047,0.001,0.003,-0.001,0.024,0.027,0.0515,0.062,0.036,0.039,-0.0015,0,-0.005,0.043,0.023,0.026,0.041,0.036,0.03
"116",2018-10-13,-0.002,-0.002,0.026,0.022,0.023,0.016,0.13,0.12,0.133,0,0.06,0.041,0.125,0.142,0.122,0.055,0.032,0.0485,0.001,0.003,-0.001,0.025,0.028,0.05,0.063,0.037,0.04,-0.001,0,-0.005,0.044,0.024,0.027,0.041,0.037,0.032
"117",2018-10-14,-0.002,-0.001,0.033,0.022,0.023,0.016,0.132,0.123,0.135,0.027,0.1765,0.0965,0.127,0.143,0.123,0.054,0.032,0.048,0.002,0.004,0,0.025,0.028,0.049,0.063,0.0365,0.039,0,0,-0.004,0.043,0.024,0.026,0.041,0.0365,0.032
"118",2018-10-15,-0.002,-0.002,0.036,0.022,0.023,0.016,0.13,0.1215,0.134,0,0.017,-0.001,0.126,0.1415,0.122,0.055,0.032,0.049,0.001,0.0035,0,0.025,0.028,0.049,0.063,0.037,0.04,-0.002,0,-0.005,0.044,0.024,0.027,0.041,0.037,0.032
"119",2018-10-16,-0.002,-0.002,0.035,0.022,0.023,0.016,0.1285,0.12,0.131,0,0.018,0.0115,0.124,0.139,0.12,0.055,0.033,0.049,0.002,0.004,0,0.025,0.028,0.047,0.063,0.037,0.04,-0.001,0,-0.005,0.043,0.024,0.027,0.04,0.037,0.032
"120",2018-10-17,-0.003,-0.002,0.034,0.023,0.023,0.016,0.127,0.12,0.13,0.001,0.0265,0.01,0.123,0.138,0.118,0.055,0.032,0.049,0.002,0.0035,0,0.025,0.0285,0.044,0.062,0.037,0.04,0,0,-0.005,0.043,0.024,0.027,0.04,0.037,0.032
"121",2018-10-18,-0.003,0,0.035,0.026,0.03,0.0215,0.132,0.128,0.142,0.0295,0.0455,0.0315,0.123,0.142,0.123,0.054,0.033,0.049,0.006,0.005,0.001,0.036,0.0395,0.0635,0.062,0.0365,0.04,0.002,0.001,-0.005,0.052,0.0325,0.0335,0.041,0.037,0.032
"122",2018-10-19,-0.003,0,0.032,0.036,0.0435,0.031,0.133,0.124,0.142,0,0.001,0.004,0.122,0.138,0.122,0.0545,0.052,0.049,0.008,0.005,0.002,0.048,0.05,0.108,0.062,0.036,0.041,0.0015,0.001,-0.005,0.089,0.055,0.061,0.043,0.037,0.032
"123",2018-10-20,-0.003,-0.001,0.03,0.043,0.047,0.035,0.124,0.116,0.13,-0.001,0,-0.003,0.117,0.131,0.116,0.054,0.052,0.049,0.006,0.004,0.001,0.046,0.048,0.105,0.061,0.036,0.041,0,0.001,-0.005,0.106,0.055,0.065,0.041,0.037,0.032
"124",2018-10-21,-0.003,-0.001,0.027,0.041,0.045,0.035,0.119,0.111,0.122,-0.001,0,-0.004,0.116,0.1285,0.11,0.053,0.05,0.048,0.004,0.004,0.001,0.046,0.047,0.105,0.059,0.035,0.04,-0.001,0.001,-0.006,0.1,0.053,0.067,0.04,0.036,0.031
"125",2018-10-22,-0.003,-0.001,0.021,0.053,0.056,0.047,0.118,0.11,0.119,-0.001,-0.001,-0.005,0.115,0.128,0.109,0.053,0.049,0.049,0.003,0.004,0,0.0495,0.049,0.11,0.06,0.036,0.04,-0.001,0,-0.006,0.106,0.06,0.075,0.04,0.0365,0.031
"126",2018-10-23,-0.003,-0.001,0.013,0.053,0.058,0.054,0.113,0.107,0.115,-0.001,-0.001,-0.004,0.11,0.125,0.103,0.054,0.047,0.049,0.002,0.003,0,0.049,0.049,0.108,0.0605,0.037,0.041,-0.001,0,-0.005,0.104,0.06,0.0745,0.04,0.037,0.0315
"127",2018-10-24,-0.003,-0.002,0.009,0.048,0.054,0.05,0.104,0.099,0.106,-0.002,-0.001,-0.004,0.102,0.119,0.089,0.051,0.042,0.047,0.002,0.003,0,0.045,0.045,0.0985,0.057,0.034,0.038,-0.002,0,-0.006,0.096,0.055,0.068,0.037,0.035,0.029
"128",2018-10-25,-0.003,-0.002,0.0055,0.045,0.051,0.049,0.098,0.095,0.101,-0.002,-0.001,-0.004,0.098,0.1155,0.083,0.052,0.041,0.048,0.0015,0.003,0,0.044,0.045,0.094,0.058,0.035,0.039,-0.002,0,-0.006,0.091,0.053,0.0645,0.038,0.036,0.03
"129",2018-10-26,-0.003,-0.002,0.003,0.047,0.056,0.057,0.0965,0.094,0.097,-0.002,-0.001,-0.004,0.097,0.117,0.077,0.055,0.044,0.052,0,0.002,-0.001,0.044,0.045,0.093,0.0605,0.037,0.041,-0.0025,-0.001,-0.006,0.09,0.053,0.0635,0.04,0.038,0.034
"130",2018-10-27,-0.003,-0.002,0.001,0.046,0.06,0.057,0.094,0.093,0.0935,-0.002,-0.001,-0.005,0.095,0.116,0.073,0.142,0.1015,0.151,0,0.002,-0.001,0.045,0.045,0.092,0.102,0.063,0.0725,-0.003,-0.001,-0.006,0.09,0.054,0.063,0.058,0.064,0.086
"131",2018-10-28,-0.003,-0.002,0,0.042,0.066,0.054,0.09,0.09,0.088,-0.003,-0.001,-0.005,0.091,0.118,0.068,0.138,0.096,0.141,-0.001,0.001,-0.001,0.044,0.044,0.0935,0.104,0.065,0.075,-0.003,-0.002,-0.006,0.088,0.052,0.062,0.06,0.065,0.093
"132",2018-10-29,-0.003,-0.002,0,0.04,0.078,0.059,0.097,0.096,0.089,-0.002,-0.002,-0.005,0.0925,0.123,0.068,0.1385,0.098,0.141,-0.001,0.001,-0.001,0.046,0.046,0.101,0.116,0.076,0.083,-0.003,-0.002,-0.006,0.09,0.053,0.065,0.064,0.0745,0.1015
"133",2018-10-30,-0.003,-0.001,-5e-04,0.039,0.076,0.059,0.097,0.099,0.089,-0.001,-0.001,-0.005,0.0925,0.1235,0.067,0.137,0.097,0.139,-0.002,0,-0.001,0.047,0.0475,0.098,0.124,0.0805,0.089,-0.004,-0.003,-0.006,0.0925,0.055,0.066,0.065,0.073,0.1
"134",2018-10-31,-0.003,-0.001,0,0.035,0.068,0.056,0.0945,0.1,0.086,-5e-04,-0.001,-0.004,0.09,0.123,0.065,0.132,0.091,0.133,-0.002,0,-0.001,0.047,0.048,0.092,0.125,0.08,0.0915,-0.004,-0.003,-0.006,0.093,0.055,0.065,0.063,0.07,0.098
